{"0": {"precision": 0.7318268445412469, "recall": 0.8436911487758946, "f1-score": 0.7837877241580405, "support": 3186}, "1": {"precision": 0.6348973607038123, "recall": 0.46785521339816316, "f1-score": 0.5387247278382582, "support": 1851}, "accuracy": 0.7055787174905698, "macro avg": {"precision": 0.6833621026225296, "recall": 0.6557731810870289, "f1-score": 0.6612562259981494, "support": 5037}, "weighted avg": {"precision": 0.696207135471743, "recall": 0.7055787174905698, "f1-score": 0.6937318166361193, "support": 5037}, "roc_auc_score": 0.6557731810870289}