{"0": {"precision": 0.9662596401028277, "recall": 0.6863729742068021, "f1-score": 0.8026157747230748, "support": 4381}, "1": {"precision": 0.18842291789722387, "recall": 0.7523584905660378, "f1-score": 0.30136986301369867, "support": 424}, "accuracy": 0.6921956295525494, "macro avg": {"precision": 0.5773412790000259, "recall": 0.71936573238642, "f1-score": 0.5519928188683867, "support": 4805}, "weighted avg": {"precision": 0.8976222269467037, "recall": 0.6921956295525494, "f1-score": 0.7583851261143806, "support": 4805}, "roc_auc_score": 0.8082691446339898}