{"threshold": 0.5, "auc": 0.808, "accuracy_score": 0.6921956295525494, "f1_score": 0.30136986301369867, "precision_score": 0.18842291789722387, "recall_score": 0.7523584905660378}