{"threshold": 0.5, "auc": 0.774, "accuracy_score": 0.9082206035379813, "f1_score": 0.13359528487229863, "precision_score": 0.4, "recall_score": 0.08018867924528301}