{"0": {"precision": 0.9173728813559322, "recall": 0.9883588221867153, "f1-score": 0.9515437863970992, "support": 4381}, "1": {"precision": 0.4, "recall": 0.08018867924528301, "f1-score": 0.13359528487229863, "support": 424}, "accuracy": 0.9082206035379813, "macro avg": {"precision": 0.6586864406779661, "recall": 0.5342737507159991, "f1-score": 0.5425695356346989, "support": 4805}, "weighted avg": {"precision": 0.8717191661228594, "recall": 0.9082206035379813, "f1-score": 0.8793668530679597, "support": 4805}, "roc_auc_score": 0.7740817983315604}