{"0": {"precision": 0.8634782608695653, "recall": 0.9534325492078732, "f1-score": 0.9062286105407255, "support": 2083}, "1": {"precision": 0.4947916666666667, "recall": 0.23227383863080683, "f1-score": 0.3161397670549085, "support": 409}, "accuracy": 0.8350722311396469, "macro avg": {"precision": 0.679134963768116, "recall": 0.59285319391934, "f1-score": 0.611184188797817, "support": 2492}, "weighted avg": {"precision": 0.8029674996219788, "recall": 0.8350722311396469, "f1-score": 0.8093801607069777, "support": 2492}, "roc_auc_score": 0.7198652028823389}