{"threshold": 0.5, "auc": 0.742, "accuracy_score": 0.732780465330569, "f1_score": 0.3881856540084388, "precision_score": 0.28373168851195063, "recall_score": 0.6143572621035058}