{"0": {"precision": 0.9241130091984231, "recall": 0.7517370390165686, "f1-score": 0.829059829059829, "support": 3742}, "1": {"precision": 0.28373168851195063, "recall": 0.6143572621035058, "f1-score": 0.3881856540084388, "support": 599}, "accuracy": 0.732780465330569, "macro avg": {"precision": 0.6039223488551868, "recall": 0.6830471505600373, "f1-score": 0.6086227415341339, "support": 4341}, "weighted avg": {"precision": 0.8357489430636161, "recall": 0.732780465330569, "f1-score": 0.7682250834123323, "support": 4341}, "roc_auc_score": 0.7417348440167069}