{"threshold": 0.5, "auc": 0.72, "accuracy_score": 0.8350722311396469, "f1_score": 0.3161397670549085, "precision_score": 0.4947916666666667, "recall_score": 0.23227383863080683}