{"threshold": 0.5, "auc": 0.73, "accuracy_score": 0.7156894857517196, "f1_score": 0.5593908629441625, "precision_score": 0.6505312868949232, "recall_score": 0.4906500445235975}