{"0": {"precision": 0.7314311594202898, "recall": 0.8341942148760331, "f1-score": 0.7794401544401545, "support": 1936}, "1": {"precision": 0.6219081272084805, "recall": 0.47100802854594115, "f1-score": 0.536040609137056, "support": 1121}, "accuracy": 0.7010140660778541, "macro avg": {"precision": 0.6766696433143852, "recall": 0.652601121710987, "f1-score": 0.6577403817886052, "support": 3057}, "weighted avg": {"precision": 0.6912691315794529, "recall": 0.7010140660778541, "f1-score": 0.6901856924562574, "support": 3057}, "roc_auc_score": 0.7280325454692902}