{"threshold": 0.5, "auc": 0.768, "accuracy_score": 0.7166721257779234, "f1_score": 0.62440295267043, "precision_score": 0.6093220338983051, "recall_score": 0.6402493321460374}