{"0": {"precision": 0.7843032568072611, "recall": 0.761139896373057, "f1-score": 0.7725479884301867, "support": 1930}, "1": {"precision": 0.6093220338983051, "recall": 0.6402493321460374, "f1-score": 0.62440295267043, "support": 1123}, "accuracy": 0.7166721257779234, "macro avg": {"precision": 0.6968126453527831, "recall": 0.7006946142595472, "f1-score": 0.6984754705503083, "support": 3053}, "weighted avg": {"precision": 0.7199390532937473, "recall": 0.7166721257779234, "f1-score": 0.7180550715752222, "support": 3053}, "roc_auc_score": 0.7676008932402568}