{"0": {"precision": 0.7407071622846781, "recall": 0.8466321243523316, "f1-score": 0.7901353965183753, "support": 1930}, "1": {"precision": 0.6505312868949232, "recall": 0.4906500445235975, "f1-score": 0.5593908629441625, "support": 1123}, "accuracy": 0.7156894857517196, "macro avg": {"precision": 0.6956192245898007, "recall": 0.6686410844379646, "f1-score": 0.6747631297312688, "support": 3053}, "weighted avg": {"precision": 0.7075373266925737, "recall": 0.7156894857517196, "f1-score": 0.705259500283904, "support": 3053}, "roc_auc_score": 0.7297657551248276}